"1","7805","Scrapie98","2kZC-WrPQ_6ItrEg_xMIug","Belgium"
"2","7609","Flonko","b8LCyis6QpCEUZnr9Y2Iqw","Germany"
"3","7589","Zeemuis","wfvttSkuRECJRqSAIwkLTA","Netherlands"
"4","7519","Tekky..","oZjmQHeaR8CXtZ04o1Hn-g","Croatia"
"5","7486","Larstm","4_8jCbwkQUq58YGVQjbDSw","Germany"
"6","7372","A--------purple","kWvN6Dj5Q5mk4IwTrtwp_Q","Germany"
"7","7370","Delet3..","7Giv-3nsRZ2oRJtoIX3gYQ","Netherlands"
"8","7277","Blev_TM","k4-9YN09TrWm6-YBC_TYVw","Tuvalu"
"9","7261","Intax","PXFSTZItR1Wfmoa9k87b-Q","Norway"
"10","7250","Denniss..","6PNSWLUHSH20cFJYfRRFpg","Netherlands"
"11","7226","Cocow_","vxVDB4XvRAKRXUFdxXz_wA","France"
"12","7190","Nicsoby","W1Tu4xt2RCWFCX18sfdXrg","France"
"13","7106","skydruw_","9KnbNWEARryhtNrc0WOXrA","France"
"14","7100","AurisTFG","He-bf32mQSydm28wZelWOA","Lithuania"
"15","7088","Jxliano","7RSshRJSTMeO_UnNcpOPnQ","Germany"
"16","7065","AAAAAAAfredwolf","hFBcmTH3Rh6OU5IU_gpo8A","Denmark"
"17","7057","eLconn21","1G-0XdQiR8mXhWcnCjEeJQ","Czechia"
"17","7057","FlowTM.","e-HCdWhhRiuwW60snv0AOw","France"
"19","7046","Xicub.","wA4cueYFQ32ftBzGJfC1Kw","Chile"
"20","7043","Cheeselover2298","JH4DvRi7SpiogFqwhe690g","United States"
"21","7016","F9.Marius89","eUoobETZQnaDzkMcunurdA","Germany"
"22","7002","Poepboer","Gp1rzieHRBelAPE9JUTs3w","Netherlands"
"23","6991","Nuclearrr.","8Zr85sV4S1yCEDLb56T8OQ","Sweden"
"24","6923","kandzsika","h-iguf6PQuCgjY857VZUGw","Hungary"
"25","6845","HyggeBis","SJVa9vI4Q-ymU1ulc5ViFg","Denmark"
"26","6776","Hagn99","U9b133pIQ3-qPM7UiJSCbg","Germany"
"27","6755","Limpan.","z0H3hsOCRtanokPKnFXvHw","Sweden"
"28","6677","Torben.TM","LS7FVacdSEeqggTuiWVifg","Germany"
"29","6663","InfernoTM.","yRigbMYiSeS2a2vLZIjbTA","United Kingdom"
"30","6005","Yekcosdo","2fNxJLjqQNGpoKIHLy6gHQ","Portugal"
"31","5943","GatitoTM","m3k7vmuoSt63Evp-ZMDm5A","Spain"
"32","5874","Dawnstar..","7Jl0AgV3S22cxLJv8J0FdQ","Finland"
"33","5708","BMW.M4.COMP.","I0PKZ6d8R8iDvXT5nG8KNw","Germany"
"34","5658","Awam.","gi6hr1uxQw6P15R7cyo8TA","France"
"35","5620","Korven.TM","lh3qyKPsRC-uglmzw62Ffw","Sweden"
"36","5475","LPNSebi","jURELI1ESwGmeAFTY5Dzzg","Germany"
"37","5355","Yann.TM","N9Gp-WAKQWWEBi0AG63oGQ","France"
"38","5014","callmejoeri","uTM4Id1vTX-rHPn3JfhpxQ","Netherlands"
"39","4916","Alfadream00","02lfWNK3RUK5HSE2CElgzg","France"
"40","4812","matti1221","JvOy2YehRBaCOqIJZI6eLg","Germany"
"41","4754","Bohemius_TM","DY4S1TTiRBeYTd3DeZMHVg","Austria"
"42","4710","Mantaaa81","PffPA7E-Q1uEP58ej4oMJQ","Slovenia"
"43","4590","Samifying","83FHqDbzTFiVd78Pr_Oq-g","Austria"
"44","4509","StillProphet","zB_OoSbOR6-V67XgqVQ5_w","Germany"
"45","4333","MrSwe1999","aLRKV5Y8S-CWHS7Dhfy3Aw","Sweden"
"46","4289","DrTilt.","6NfvzXvgQZqlQ-cMJiqeWA","Germany"
"47","4287","DMR-GameBros","XK_I6popRoeRAXE5dkMZCw","Austria"
"48","4279","Corzo_TM","HmM4VS9ZT9CKeT4534tmFg","Germany"
"49","4270","Undier","3UTdrT_KSeycyhIIVjBXmQ","France"
"50","4238","ImJustBarbie","mLaNWbJJSD2DTby2n5EXuw","Netherlands"
"51","4143","KuebelChris","6-Of4rZoRhizxEBVZ-TLgA","Germany"
"52","3963","LukaszW","sAIDzqeRSRyqXe_ZIb3Z0Q","Poland"
"53","3683","Razmuszen","s63O0sA-SNyn8RoSpXHLnQ","Denmark"
"54","3456","hayru.","nXx-hP7rSAWRYJEO_1bxqg","United Kingdom"
"55","3439","G3catcher","tFv7SXSVRZKKUQ7gdrvDOg","United States"
"56","3368","Rubberduckjee","-dTgYG9LQI-NMMmDADWZ-w","Netherlands"
"57","3329","Ben110703","T_KI7JwrR_Gbm2l0a8L5zA","Germany"
"58","3305","Finndus.","ZqV056CKTAKM_Oqb0-ex5Q","Germany"
"59","3233","Schmonder","vouduR7JRBeh3WXxkawy5g","Germany"
"60","3041","Vanced08","uD9V8H_ZRviorT0og2_2zg","Netherlands"
"61","3038","Wawowen","WlORmsXhQY6LOGqIbPMaig","Switzerland"
"62","2985","Chamow","dac6DK2nQVKKw8gqDurxzA","France"
"63","2937","LckerBierchen.-","OAsJV94HSIq1RVR33vYwWg","Germany"
"64","2928","AAAAAAAkbabuser","T61DSyFaQOKSZPkebpvU9g","United States"
"65","2889","harry811811","B-1O2HgxReSDdziDCg75PA","Austria"
"66","2750","cross96","DRY7TToURPq0vLwHG7yUKg","Sweden"
"67","2722","Jaglano","KCdMziPoTdu-4c80mnJQcw","Norway"
"68","2644","Metalbomber","7ncri4m3SHyLmbLyp_tmLw","Germany"
"68","2644","stenkler77","oOWfbKnGTQW6RzbZOf-7nQ","Slovenia"
"70","2582","HeadlessDaniel","hLhJFnnDT-Ots3nh8GHYLg","Germany"
"71","2496","manskiptruck","AR6HfZURQYK1vuoLcb7wUA","United Kingdom"
"72","2492","Ecli9se7","qwJuHMi2QUqMHUHxdkIGQQ","United States"
"73","2482","FrechdachsTM","yODgJC5HRqyzUS1tYYhghA","Germany"
"74","2445","Stiicx","qqf0tOy1QS-urg9CYbiFuw","United States"
"75","2440","MageFromage","XkSJpduHReSApplGN-0rOA","France"
"76","2429","Tecra_","UPongPdERg6wXukii07o3A","Germany"
"77","2421","Diclonius2","5omrm2rCTYeFOaVN3mOpMQ","Germany"
"78","2409","ClumsyTM","T91AxNWcScuTJ8Er799x1Q","Germany"
"79","2368","PixelMan572","Hh92hcnLQ3Ct44MaqUpWWw","United States"
"80","2362","Nikku._","LJ6B7N8ZSvyWgTSGtIziaA","Netherlands"
"81","2268","SponkyNL","dUPUUvTeTLq72xwA5MtlqA","Netherlands"
"82","2256","zamppe","8RG13s9jSGWVuA0Q1nmaSA","Norway"
"83","2203","cleetusdiabeetu","4ZVMnIbJSP-R0cTNeMDrZg","United States"
"84","2179","Pl4yeRz0nE","xNnZtPWGSy-i-RNs3uDI7Q","Germany"
"85","2075","Jaw0r.","7y0V0oshS3ePIQz8Mm0nXg","Poland"
"86","2030","a13ui","RN03yJryRBG8ASkD5ilRMA","United Kingdom"
"86","2030","krokzey","264RmPjsRV6taBtBmnwiSQ","Sweden"
"88","2023","conndees","OHyKPQxoSXioB8g9FQyLAA","Poland"
"89","1978","DJPingwin","PF6ZSw1KTJSf8yQB9O4gmA","Poland"
"90","1942","Cobra_Gamer_01","FWa0Q6LtR4mFcn9l5lmrEQ","Germany"
"91","1868","Yoodels_TM","Bl2z2Q0zTpiqKLULPtoSgg","South Africa"
"92","1741","XO_TM","oazLW6TxQ6etpxGaiQsS8Q","United States"
"93","1714","BitteFesthalten","zwDwNE14RYG3JxevU5caNw","Mexico"
"94","1543","Megaadri","z6RRsqimQ3eQYAPUMbIggg","Spain"
"95","1534","Stickster.","dXsfmyAGRMuaFLl154Q6bw","Germany"
"96","1469","Putzerfisch187","YYqkUbBqTH2r5DsuKAH88Q","Germany"
"97","1463","AaronxP","4kOi1AmqRRSF8XxX8HukvA","Netherlands"
"98","1129","Maersel","LHy2cdzeTAKeIHKdrg4vAA","Japan"
"99","1106","Yoshidude17","B7DcpzytR9S6xQ_h9qF5Mg","United Kingdom"
"100","1004","pumpkinnl","cNcci1cDToOKugXoZJciuQ","Canada"
"101","803","TRolince","jdUuNvn7QbmDbSUHYMrBqg","United States"
"102","798","dopast2703","rkaRt3SeTWagg9SI5_y--Q","Germany"
"103","655","AZRIEL._.","m4m0HMViSVGBv9MTKmZHTw","United States"
"104","570","Zadimow","dbT2eG6_REesbPPN0r20TQ","Germany"
"105","506","Totti_TM","4W5ICDzeQkOKiry_ngxv6g","Germany"
"106","501","LuCaspa316","N5b1R-7xSlaNxY6JJR0xRw","Germany"
"107","490","mmaama","O8B6WJLYTEaXzIgm6cA7Yg","Romania"
"108","458","Vechtmachine.1","Ulo4eEsDQjGEdBVai0dPIQ","Netherlands"
"109","455","AdamJC20","NLX7YcoVS5q245zui8zqPA","United Kingdom"
"110","421","AvatimTM","9axsHHueQbO-Qqd9uB3X8Q","United States"
"111","330","Moriat-75","H9ziKWm6T_mIMcdGFjJ_IQ","Germany"
"112","170","RC_tcbb","05uWQ35QQV6hHyiTM4ZAiA","Sweden"
"113","21","SillyLexxi","VaXtmbs2TpCkDZYJKws1Vg","United Kingdom"